indice,mot_hex,entrees,mtime,micro,rout,drapeaux_hex,octets_photinfo
1,40001522,1,5410,0,0,1000,22150000000000000000000000100000
2,80000000,0,,,,,
3,80000000,0,,,,,
4,80000000,0,,,,,
5,80000000,0,,,,,
6,80000000,0,,,,,
7,80000000,0,,,,,
8,80000000,0,,,,,
9,80000000,0,,,,,
10,80000000,0,,,,,
11,80000000,0,,,,,
12,80000000,0,,,,,
13,80000000,0,,,,,
14,400083e0,1,54240,0,0,8000,e0d30000000000000000000000800000
15,80000000,0,,,,,
16,80000000,0,,,,,
17,80000000,0,,,,,
18,80000000,0,,,,,
19,80000000,0,,,,,
20,80000000,0,,,,,
21,80000000,0,,,,,
22,80000000,0,,,,,
23,80000000,0,,,,,
24,80000000,0,,,,,
25,80000000,0,,,,,
26,80000000,0,,,,,
27,40001294,1,103060,0,0,1000,94920100000000000000000000100000
28,80000000,0,,,,,
29,80000000,0,,,,,
30,80000000,0,,,,,
31,80000000,0,,,,,
32,80000000,0,,,,,
33,80000000,0,,,,,
34,80000000,0,,,,,
35,80000000,0,,,,,
36,80000000,0,,,,,
37,80000000,0,,,,,
38,80000000,0,,,,,
39,80000000,0,,,,,
40,40008152,1,151890,0,0,8000,52510200000000000000000000800000
41,80000000,0,,,,,
42,80000000,0,,,,,
43,80000000,0,,,,,
44,80000000,0,,,,,
45,80000000,0,,,,,
46,80000000,0,,,,,
47,80000000,0,,,,,
48,80000000,0,,,,,
49,80000000,0,,,,,
50,80000000,0,,,,,
51,80000000,0,,,,,
52,80000000,0,,,,,
53,40001006,1,200710,0,0,1000,06100300000000000000000000100000
54,80000000,0,,,,,
55,80000000,0,,,,,
56,80000000,0,,,,,
57,80000000,0,,,,,
58,80000000,0,,,,,
59,80000000,0,,,,,
60,80000000,0,,,,,
61,80000000,0,,,,,
62,80000000,0,,,,,
63,80000000,0,,,,,
64,80000000,0,,,,,
65,40008ec4,1,249540,0,0,8000,c4ce0300000000000000000000800000
66,80000000,0,,,,,
67,80000000,0,,,,,
68,80000000,0,,,,,
69,80000000,0,,,,,
70,80000000,0,,,,,
71,80000000,0,,,,,
72,80000000,0,,,,,
73,80000000,0,,,,,
74,80000000,0,,,,,
75,80000000,0,,,,,
76,80000000,0,,,,,
77,80000000,0,,,,,
78,40001d76,1,298358,0,0,1000,768d0400000000000000000000100000
79,80000000,0,,,,,
80,80000000,0,,,,,
81,80000000,0,,,,,
82,80000000,0,,,,,
83,80000000,0,,,,,
84,80000000,0,,,,,
85,80000000,0,,,,,
86,80000000,0,,,,,
87,80000000,0,,,,,
88,80000000,0,,,,,
89,80000000,0,,,,,
90,80000000,0,,,,,
91,40008c34,1,347188,0,0,8000,344c0500000000000000000000800000
92,80000000,0,,,,,
93,80000000,0,,,,,
94,80000000,0,,,,,
95,80000000,0,,,,,
96,80000000,0,,,,,
97,80000000,0,,,,,
98,80000000,0,,,,,
99,80000000,0,,,,,
100,80000000,0,,,,,
101,80000000,0,,,,,
102,80000000,0,,,,,
103,80000000,0,,,,,
104,40001ae8,1,396008,0,0,1000,e80a0600000000000000000000100000
105,80000000,0,,,,,
106,80000000,0,,,,,
107,80000000,0,,,,,
108,80000000,0,,,,,
109,80000000,0,,,,,
110,80000000,0,,,,,
111,80000000,0,,,,,
112,80000000,0,,,,,
113,80000000,0,,,,,
114,80000000,0,,,,,
115,80000000,0,,,,,
116,80000000,0,,,,,
117,400089a6,1,444838,0,0,8000,a6c90600000000000000000000800000
118,80000000,0,,,,,
119,80000000,0,,,,,
120,80000000,0,,,,,
121,80000000,0,,,,,
122,80000000,0,,,,,
123,80000000,0,,,,,
124,80000000,0,,,,,
125,80000000,0,,,,,
126,80000000,0,,,,,
127,80000000,0,,,,,
128,80000000,0,,,,,
129,80000000,0,,,,,
130,40001858,1,493656,0,0,1000,58880700000000000000000000100000
131,80000000,0,,,,,
132,80000000,0,,,,,
133,80000000,0,,,,,
134,80000000,0,,,,,
135,80000000,0,,,,,
136,80000000,0,,,,,
137,80000000,0,,,,,
138,80000000,0,,,,,
139,80000000,0,,,,,
140,80000000,0,,,,,
141,80000000,0,,,,,
142,80000000,0,,,,,
143,40008716,1,542486,0,0,8000,16470800000000000000000000800000
144,80000000,0,,,,,
145,80000000,0,,,,,
146,80000000,0,,,,,
147,80000000,0,,,,,
148,80000000,0,,,,,
149,80000000,0,,,,,
150,80000000,0,,,,,
151,80000000,0,,,,,
152,80000000,0,,,,,
153,80000000,0,,,,,
154,80000000,0,,,,,
155,80000000,0,,,,,
156,400015ca,1,591306,0,0,1000,ca050900000000000000000000100000
157,80000000,0,,,,,
158,80000000,0,,,,,
159,80000000,0,,,,,
160,80000000,0,,,,,
161,80000000,0,,,,,
162,80000000,0,,,,,
163,80000000,0,,,,,
164,80000000,0,,,,,
165,80000000,0,,,,,
166,80000000,0,,,,,
167,80000000,0,,,,,
168,80000000,0,,,,,
169,40008488,1,640136,0,0,8000,88c40900000000000000000000800000
170,80000000,0,,,,,
171,80000000,0,,,,,
172,80000000,0,,,,,
173,80000000,0,,,,,
174,80000000,0,,,,,
175,80000000,0,,,,,
176,80000000,0,,,,,
177,80000000,0,,,,,
178,80000000,0,,,,,
179,80000000,0,,,,,
180,80000000,0,,,,,
181,80000000,0,,,,,
182,4000133a,1,688954,0,0,1000,3a830a00000000000000000000100000
183,80000000,0,,,,,
184,80000000,0,,,,,
185,80000000,0,,,,,
186,80000000,0,,,,,
187,80000000,0,,,,,
188,80000000,0,,,,,
189,80000000,0,,,,,
190,80000000,0,,,,,
191,80000000,0,,,,,
192,80000000,0,,,,,
193,80000000,0,,,,,
194,80000000,0,,,,,
195,400081f8,1,737784,0,0,8000,f8410b00000000000000000000800000
196,80000000,0,,,,,
197,80000000,0,,,,,
198,80000000,0,,,,,
199,80000000,0,,,,,
200,80000000,0,,,,,
201,80000000,0,,,,,
202,80000000,0,,,,,
203,80000000,0,,,,,
204,80000000,0,,,,,
205,80000000,0,,,,,
206,80000000,0,,,,,
207,80000000,0,,,,,
208,400010ac,1,786604,0,0,1000,ac000c00000000000000000000100000
209,80000000,0,,,,,
210,80000000,0,,,,,
211,80000000,0,,,,,
212,80000000,0,,,,,
213,80000000,0,,,,,
214,80000000,0,,,,,
215,80000000,0,,,,,
216,80000000,0,,,,,
217,80000000,0,,,,,
218,80000000,0,,,,,
219,80000000,0,,,,,
220,40008f6a,1,835434,0,0,8000,6abf0c00000000000000000000800000
221,80000000,0,,,,,
222,80000000,0,,,,,
223,80000000,0,,,,,
224,80000000,0,,,,,
225,80000000,0,,,,,
226,80000000,0,,,,,
227,80000000,0,,,,,
228,80000000,0,,,,,
229,80000000,0,,,,,
230,80000000,0,,,,,
231,80000000,0,,,,,
232,80000000,0,,,,,
233,40001e1c,1,884252,0,0,1000,1c7e0d00000000000000000000100000
234,80000000,0,,,,,
235,80000000,0,,,,,
236,80000000,0,,,,,
237,80000000,0,,,,,
238,80000000,0,,,,,
239,80000000,0,,,,,
240,80000000,0,,,,,
241,80000000,0,,,,,
242,80000000,0,,,,,
243,80000000,0,,,,,
244,80000000,0,,,,,
245,80000000,0,,,,,
246,40008cda,1,933082,0,0,8000,da3c0e00000000000000000000800000
247,80000000,0,,,,,
248,80000000,0,,,,,
249,80000000,0,,,,,
250,80000000,0,,,,,
251,80000000,0,,,,,
252,80000000,0,,,,,
253,80000000,0,,,,,
254,80000000,0,,,,,
255,80000000,0,,,,,
256,80000000,0,,,,,
257,80000000,0,,,,,
258,80000000,0,,,,,
259,40001b8e,1,981902,0,0,1000,8efb0e00000000000000000000100000
260,80000000,0,,,,,
261,80000000,0,,,,,
262,80000000,0,,,,,
263,80000000,0,,,,,
264,80000000,0,,,,,
265,80000000,0,,,,,
266,80000000,0,,,,,
267,80000000,0,,,,,
268,80000000,0,,,,,
269,80000000,0,,,,,
270,80000000,0,,,,,
271,80000000,0,,,,,
272,40008a4c,1,1030732,0,0,8000,4cba0f00000000000000000000800000
273,80000000,0,,,,,
274,80000000,0,,,,,
275,80000000,0,,,,,
276,80000000,0,,,,,
277,80000000,0,,,,,
278,80000000,0,,,,,
279,80000000,0,,,,,
280,80000000,0,,,,,
281,80000000,0,,,,,
282,80000000,0,,,,,
283,80000000,0,,,,,
284,80000000,0,,,,,
285,400018fe,1,1079550,0,0,1000,fe781000000000000000000000100000
286,80000000,0,,,,,
287,80000000,0,,,,,
288,80000000,0,,,,,
289,80000000,0,,,,,
290,80000000,0,,,,,
291,80000000,0,,,,,
292,80000000,0,,,,,
293,80000000,0,,,,,
294,80000000,0,,,,,
295,80000000,0,,,,,
296,80000000,0,,,,,
297,80000000,0,,,,,
298,400087bc,1,1128380,0,0,8000,bc371100000000000000000000800000
299,80000000,0,,,,,
300,80000000,0,,,,,
301,80000000,0,,,,,
302,80000000,0,,,,,
303,80000000,0,,,,,
304,80000000,0,,,,,
305,80000000,0,,,,,
306,80000000,0,,,,,
307,80000000,0,,,,,
308,80000000,0,,,,,
309,80000000,0,,,,,
310,80000000,0,,,,,
311,40001670,1,1177200,0,0,1000,70f61100000000000000000000100000
312,80000000,0,,,,,
313,80000000,0,,,,,
314,80000000,0,,,,,
315,80000000,0,,,,,
316,80000000,0,,,,,
317,80000000,0,,,,,
318,80000000,0,,,,,
319,80000000,0,,,,,
320,80000000,0,,,,,
321,80000000,0,,,,,
322,80000000,0,,,,,
323,80000000,0,,,,,
324,4000852e,1,1226030,0,0,8000,2eb51200000000000000000000800000
325,80000000,0,,,,,
326,80000000,0,,,,,
327,80000000,0,,,,,
328,80000000,0,,,,,
329,80000000,0,,,,,
330,80000000,0,,,,,
331,80000000,0,,,,,
332,80000000,0,,,,,
333,80000000,0,,,,,
334,80000000,0,,,,,
335,80000000,0,,,,,
336,80000000,0,,,,,
337,400013e0,1,1274848,0,0,1000,e0731300000000000000000000100000
338,80000000,0,,,,,
339,80000000,0,,,,,
340,80000000,0,,,,,
341,80000000,0,,,,,
342,80000000,0,,,,,
343,80000000,0,,,,,
344,80000000,0,,,,,
345,80000000,0,,,,,
346,80000000,0,,,,,
347,80000000,0,,,,,
348,80000000,0,,,,,
349,80000000,0,,,,,
350,4000829e,1,1323678,0,0,8000,9e321400000000000000000000800000
351,80000000,0,,,,,
352,80000000,0,,,,,
353,80000000,0,,,,,
354,80000000,0,,,,,
355,80000000,0,,,,,
356,80000000,0,,,,,
357,80000000,0,,,,,
358,80000000,0,,,,,
359,80000000,0,,,,,
360,80000000,0,,,,,
361,80000000,0,,,,,
362,80000000,0,,,,,
363,40001152,1,1372498,0,0,1000,52f11400000000000000000000100000
364,80000000,0,,,,,
365,80000000,0,,,,,
366,80000000,0,,,,,
367,80000000,0,,,,,
368,80000000,0,,,,,
369,80000000,0,,,,,
370,80000000,0,,,,,
371,80000000,0,,,,,
372,80000000,0,,,,,
373,80000000,0,,,,,
374,80000000,0,,,,,
375,80000000,0,,,,,
376,40008010,1,1421328,0,0,8000,10b01500000000000000000000800000
377,80000000,0,,,,,
378,80000000,0,,,,,
379,80000000,0,,,,,
380,80000000,0,,,,,
381,80000000,0,,,,,
382,80000000,0,,,,,
383,80000000,0,,,,,
384,80000000,0,,,,,
385,80000000,0,,,,,
386,80000000,0,,,,,
387,80000000,0,,,,,
388,40001ec4,1,1470148,0,0,1000,c46e1600000000000000000000100000
389,80000000,0,,,,,
390,80000000,0,,,,,
391,80000000,0,,,,,
392,80000000,0,,,,,
393,80000000,0,,,,,
394,80000000,0,,,,,
395,80000000,0,,,,,
396,80000000,0,,,,,
397,80000000,0,,,,,
398,80000000,0,,,,,
399,80000000,0,,,,,
400,80000000,0,,,,,
401,40008d82,1,1518978,0,0,8000,822d1700000000000000000000800000
402,80000000,0,,,,,
403,80000000,0,,,,,
404,80000000,0,,,,,
405,80000000,0,,,,,
406,80000000,0,,,,,
407,80000000,0,,,,,
408,80000000,0,,,,,
409,80000000,0,,,,,
410,80000000,0,,,,,
411,80000000,0,,,,,
412,80000000,0,,,,,
413,80000000,0,,,,,
414,40001c34,1,1567796,0,0,1000,34ec1700000000000000000000100000
415,80000000,0,,,,,
416,80000000,0,,,,,
417,80000000,0,,,,,
418,80000000,0,,,,,
419,80000000,0,,,,,
420,80000000,0,,,,,
421,80000000,0,,,,,
422,80000000,0,,,,,
423,80000000,0,,,,,
424,80000000,0,,,,,
425,80000000,0,,,,,
426,80000000,0,,,,,
427,40008af2,1,1616626,0,0,8000,f2aa1800000000000000000000800000
428,80000000,0,,,,,
429,80000000,0,,,,,
430,80000000,0,,,,,
431,80000000,0,,,,,
432,80000000,0,,,,,
433,80000000,0,,,,,
434,80000000,0,,,,,
435,80000000,0,,,,,
436,80000000,0,,,,,
437,80000000,0,,,,,
438,80000000,0,,,,,
439,80000000,0,,,,,
440,400019a6,1,1665446,0,0,1000,a6691900000000000000000000100000
441,80000000,0,,,,,
442,80000000,0,,,,,
443,80000000,0,,,,,
444,80000000,0,,,,,
445,80000000,0,,,,,
446,80000000,0,,,,,
447,80000000,0,,,,,
448,80000000,0,,,,,
449,80000000,0,,,,,
450,80000000,0,,,,,
451,80000000,0,,,,,
452,80000000,0,,,,,
453,40008864,1,1714276,0,0,8000,64281a00000000000000000000800000
454,80000000,0,,,,,
455,80000000,0,,,,,
456,80000000,0,,,,,
457,80000000,0,,,,,
458,80000000,0,,,,,
459,80000000,0,,,,,
460,80000000,0,,,,,
461,80000000,0,,,,,
462,80000000,0,,,,,
463,80000000,0,,,,,
464,80000000,0,,,,,
465,80000000,0,,,,,
466,40001716,1,1763094,0,0,1000,16e71a00000000000000000000100000
467,80000000,0,,,,,
468,80000000,0,,,,,
469,80000000,0,,,,,
470,80000000,0,,,,,
471,80000000,0,,,,,
472,80000000,0,,,,,
473,80000000,0,,,,,
474,80000000,0,,,,,
475,80000000,0,,,,,
476,80000000,0,,,,,
477,80000000,0,,,,,
478,80000000,0,,,,,
479,400085d4,1,1811924,0,0,8000,d4a51b00000000000000000000800000
480,80000000,0,,,,,
481,80000000,0,,,,,
482,80000000,0,,,,,
483,80000000,0,,,,,
484,80000000,0,,,,,
485,80000000,0,,,,,
486,80000000,0,,,,,
487,80000000,0,,,,,
488,80000000,0,,,,,
489,80000000,0,,,,,
490,80000000,0,,,,,
491,80000000,0,,,,,
492,40001488,1,1860744,0,0,1000,88641c00000000000000000000100000
493,80000000,0,,,,,
494,80000000,0,,,,,
495,80000000,0,,,,,
496,80000000,0,,,,,
497,80000000,0,,,,,
498,80000000,0,,,,,
499,80000000,0,,,,,
500,80000000,0,,,,,
501,80000000,0,,,,,
502,80000000,0,,,,,
503,80000000,0,,,,,
504,80000000,0,,,,,
505,40008346,1,1909574,0,0,8000,46231d00000000000000000000800000
506,80000000,0,,,,,
507,80000000,0,,,,,
508,80000000,0,,,,,
509,80000000,0,,,,,
510,80000000,0,,,,,
511,80000000,0,,,,,
512,80000000,0,,,,,
513,80000000,0,,,,,
514,80000000,0,,,,,
515,80000000,0,,,,,
516,80000000,0,,,,,
517,80000000,0,,,,,
518,400011f8,1,1958392,0,0,1000,f8e11d00000000000000000000100000
519,80000000,0,,,,,
520,80000000,0,,,,,
521,80000000,0,,,,,
522,80000000,0,,,,,
523,80000000,0,,,,,
524,80000000,0,,,,,
525,80000000,0,,,,,
526,80000000,0,,,,,
527,80000000,0,,,,,
528,80000000,0,,,,,
529,80000000,0,,,,,
530,80000000,0,,,,,
531,400080b6,1,2007222,0,0,8000,b6a01e00000000000000000000800000
532,80000000,0,,,,,
533,80000000,0,,,,,
534,80000000,0,,,,,
535,80000000,0,,,,,
536,80000000,0,,,,,
537,80000000,0,,,,,
538,80000000,0,,,,,
539,80000000,0,,,,,
540,80000000,0,,,,,
541,80000000,0,,,,,
542,80000000,0,,,,,
543,40001f6a,1,2056042,0,0,1000,6a5f1f00000000000000000000100000
544,80000000,0,,,,,
545,80000000,0,,,,,
546,80000000,0,,,,,
547,80000000,0,,,,,
548,80000000,0,,,,,
549,80000000,0,,,,,
550,80000000,0,,,,,
551,80000000,0,,,,,
552,80000000,0,,,,,
553,80000000,0,,,,,
554,80000000,0,,,,,
555,80000000,0,,,,,
556,40008e28,1,2104872,0,0,8000,281e2000000000000000000000800000
557,80000000,0,,,,,
558,80000000,0,,,,,
559,80000000,0,,,,,
560,80000000,0,,,,,
561,80000000,0,,,,,
562,80000000,0,,,,,
563,80000000,0,,,,,
564,80000000,0,,,,,
565,80000000,0,,,,,
566,80000000,0,,,,,
567,80000000,0,,,,,
568,80000000,0,,,,,
569,40001cda,1,2153690,0,0,1000,dadc2000000000000000000000100000
570,80000000,0,,,,,
571,80000000,0,,,,,
572,80000000,0,,,,,
573,80000000,0,,,,,
574,80000000,0,,,,,
575,80000000,0,,,,,
576,80000000,0,,,,,
577,80000000,0,,,,,
578,80000000,0,,,,,
579,80000000,0,,,,,
580,80000000,0,,,,,
581,80000000,0,,,,,
582,40008b98,1,2202520,0,0,8000,989b2100000000000000000000800000
583,80000000,0,,,,,
584,80000000,0,,,,,
585,80000000,0,,,,,
586,80000000,0,,,,,
587,80000000,0,,,,,
588,80000000,0,,,,,
589,80000000,0,,,,,
590,80000000,0,,,,,
591,80000000,0,,,,,
592,80000000,0,,,,,
593,80000000,0,,,,,
594,80000000,0,,,,,
595,40001a4c,1,2251340,0,0,1000,4c5a2200000000000000000000100000
596,80000000,0,,,,,
597,80000000,0,,,,,
598,80000000,0,,,,,
599,80000000,0,,,,,
600,80000000,0,,,,,
601,80000000,0,,,,,
602,80000000,0,,,,,
603,80000000,0,,,,,
604,80000000,0,,,,,
605,80000000,0,,,,,
606,80000000,0,,,,,
607,80000000,0,,,,,
608,4000890a,1,2300170,0,0,8000,0a192300000000000000000000800000
609,80000000,0,,,,,
610,80000000,0,,,,,
611,80000000,0,,,,,
612,80000000,0,,,,,
613,80000000,0,,,,,
614,80000000,0,,,,,
615,80000000,0,,,,,
616,80000000,0,,,,,
617,80000000,0,,,,,
618,80000000,0,,,,,
619,80000000,0,,,,,
620,80000000,0,,,,,
621,400017bc,1,2348988,0,0,1000,bcd72300000000000000000000100000
622,80000000,0,,,,,
623,80000000,0,,,,,
624,80000000,0,,,,,
625,80000000,0,,,,,
626,80000000,0,,,,,
627,80000000,0,,,,,
628,80000000,0,,,,,
629,80000000,0,,,,,
630,80000000,0,,,,,
631,80000000,0,,,,,
632,80000000,0,,,,,
633,80000000,0,,,,,
634,4000867a,1,2397818,0,0,8000,7a962400000000000000000000800000
635,80000000,0,,,,,
636,80000000,0,,,,,
637,80000000,0,,,,,
638,80000000,0,,,,,
639,80000000,0,,,,,
640,80000000,0,,,,,
641,80000000,0,,,,,
642,80000000,0,,,,,
643,80000000,0,,,,,
644,80000000,0,,,,,
645,80000000,0,,,,,
646,80000000,0,,,,,
647,4000152e,1,2446638,0,0,1000,2e552500000000000000000000100000
648,80000000,0,,,,,
649,80000000,0,,,,,
650,80000000,0,,,,,
651,80000000,0,,,,,
652,80000000,0,,,,,
653,80000000,0,,,,,
654,80000000,0,,,,,
655,80000000,0,,,,,
656,80000000,0,,,,,
657,80000000,0,,,,,
658,80000000,0,,,,,
659,80000000,0,,,,,
660,400083ec,1,2495468,0,0,8000,ec132600000000000000000000800000
661,80000000,0,,,,,
662,80000000,0,,,,,
663,80000000,0,,,,,
664,80000000,0,,,,,
665,80000000,0,,,,,
666,80000000,0,,,,,
667,80000000,0,,,,,
668,80000000,0,,,,,
669,80000000,0,,,,,
670,80000000,0,,,,,
671,80000000,0,,,,,
672,80000000,0,,,,,
673,4000129e,1,2544286,0,0,1000,9ed22600000000000000000000100000
674,80000000,0,,,,,
675,80000000,0,,,,,
676,80000000,0,,,,,
677,80000000,0,,,,,
678,80000000,0,,,,,
679,80000000,0,,,,,
680,80000000,0,,,,,
681,80000000,0,,,,,
682,80000000,0,,,,,
683,80000000,0,,,,,
684,80000000,0,,,,,
685,80000000,0,,,,,
686,4000815e,1,2593118,0,0,8000,5e912700000000000000000000800000
687,80000000,0,,,,,
688,80000000,0,,,,,
689,80000000,0,,,,,
690,80000000,0,,,,,
691,80000000,0,,,,,
692,80000000,0,,,,,
693,80000000,0,,,,,
694,80000000,0,,,,,
695,80000000,0,,,,,
696,80000000,0,,,,,
697,80000000,0,,,,,
698,80000000,0,,,,,
699,40001010,1,2641936,0,0,1000,10502800000000000000000000100000
700,80000000,0,,,,,
701,80000000,0,,,,,
702,80000000,0,,,,,
703,80000000,0,,,,,
704,80000000,0,,,,,
705,80000000,0,,,,,
706,80000000,0,,,,,
707,80000000,0,,,,,
708,80000000,0,,,,,
709,80000000,0,,,,,
710,80000000,0,,,,,
711,40008ece,1,2690766,0,0,8000,ce0e2900000000000000000000800000
712,80000000,0,,,,,
713,80000000,0,,,,,
714,80000000,0,,,,,
715,80000000,0,,,,,
716,80000000,0,,,,,
717,80000000,0,,,,,
718,80000000,0,,,,,
719,80000000,0,,,,,
720,80000000,0,,,,,
721,80000000,0,,,,,
722,80000000,0,,,,,
723,80000000,0,,,,,
724,40001d82,1,2739586,0,0,1000,82cd2900000000000000000000100000
725,80000000,0,,,,,
726,80000000,0,,,,,
727,80000000,0,,,,,
728,80000000,0,,,,,
729,80000000,0,,,,,
730,80000000,0,,,,,
731,80000000,0,,,,,
732,80000000,0,,,,,
733,80000000,0,,,,,
734,80000000,0,,,,,
735,80000000,0,,,,,
736,80000000,0,,,,,
737,40008c40,1,2788416,0,0,8000,408c2a00000000000000000000800000
738,80000000,0,,,,,
739,80000000,0,,,,,
740,80000000,0,,,,,
741,80000000,0,,,,,
742,80000000,0,,,,,
743,80000000,0,,,,,
744,80000000,0,,,,,
745,80000000,0,,,,,
746,80000000,0,,,,,
747,80000000,0,,,,,
748,80000000,0,,,,,
749,80000000,0,,,,,
750,40001af2,1,2837234,0,0,1000,f24a2b00000000000000000000100000
751,80000000,0,,,,,
752,80000000,0,,,,,
753,80000000,0,,,,,
754,80000000,0,,,,,
755,80000000,0,,,,,
756,80000000,0,,,,,
757,80000000,0,,,,,
758,80000000,0,,,,,
759,80000000,0,,,,,
760,80000000,0,,,,,
761,80000000,0,,,,,
762,80000000,0,,,,,
763,400089b0,1,2886064,0,0,8000,b0092c00000000000000000000800000
764,80000000,0,,,,,
765,80000000,0,,,,,
766,80000000,0,,,,,
767,80000000,0,,,,,
768,80000000,0,,,,,
769,80000000,0,,,,,
770,80000000,0,,,,,
771,80000000,0,,,,,
772,80000000,0,,,,,
773,80000000,0,,,,,
774,80000000,0,,,,,
775,80000000,0,,,,,
776,40001864,1,2934884,0,0,1000,64c82c00000000000000000000100000
777,80000000,0,,,,,
778,80000000,0,,,,,
779,80000000,0,,,,,
780,80000000,0,,,,,
781,80000000,0,,,,,
782,80000000,0,,,,,
783,80000000,0,,,,,
784,80000000,0,,,,,
785,80000000,0,,,,,
786,80000000,0,,,,,
787,80000000,0,,,,,
788,80000000,0,,,,,
789,40008722,1,2983714,0,0,8000,22872d00000000000000000000800000
790,80000000,0,,,,,
791,80000000,0,,,,,
792,80000000,0,,,,,
793,80000000,0,,,,,
794,80000000,0,,,,,
795,80000000,0,,,,,
796,80000000,0,,,,,
797,80000000,0,,,,,
798,80000000,0,,,,,
799,80000000,0,,,,,
800,80000000,0,,,,,
801,80000000,0,,,,,
802,400015d4,1,3032532,0,0,1000,d4452e00000000000000000000100000
803,80000000,0,,,,,
804,80000000,0,,,,,
805,80000000,0,,,,,
806,80000000,0,,,,,
807,80000000,0,,,,,
808,80000000,0,,,,,
809,80000000,0,,,,,
810,80000000,0,,,,,
811,80000000,0,,,,,
812,80000000,0,,,,,
813,80000000,0,,,,,
814,80000000,0,,,,,
815,40008492,1,3081362,0,0,8000,92042f00000000000000000000800000
816,80000000,0,,,,,
817,80000000,0,,,,,
818,80000000,0,,,,,
819,80000000,0,,,,,
820,80000000,0,,,,,
821,80000000,0,,,,,
822,80000000,0,,,,,
823,80000000,0,,,,,
824,80000000,0,,,,,
825,80000000,0,,,,,
826,80000000,0,,,,,
827,80000000,0,,,,,
828,40001346,1,3130182,0,0,1000,46c32f00000000000000000000100000
829,80000000,0,,,,,
830,80000000,0,,,,,
831,80000000,0,,,,,
832,80000000,0,,,,,
833,80000000,0,,,,,
834,80000000,0,,,,,
835,80000000,0,,,,,
836,80000000,0,,,,,
837,80000000,0,,,,,
838,80000000,0,,,,,
839,80000000,0,,,,,
840,80000000,0,,,,,
841,40008204,1,3179012,0,0,8000,04823000000000000000000000800000
842,80000000,0,,,,,
843,80000000,0,,,,,
844,80000000,0,,,,,
845,80000000,0,,,,,
846,80000000,0,,,,,
847,80000000,0,,,,,
848,80000000,0,,,,,
849,80000000,0,,,,,
850,80000000,0,,,,,
851,80000000,0,,,,,
852,80000000,0,,,,,
853,80000000,0,,,,,
854,400010b6,1,3227830,0,0,1000,b6403100000000000000000000100000
855,80000000,0,,,,,
856,80000000,0,,,,,
857,80000000,0,,,,,
858,80000000,0,,,,,
859,80000000,0,,,,,
860,80000000,0,,,,,
861,80000000,0,,,,,
862,80000000,0,,,,,
863,80000000,0,,,,,
864,80000000,0,,,,,
865,80000000,0,,,,,
866,40008f74,1,3276660,0,0,8000,74ff3100000000000000000000800000
867,80000000,0,,,,,
868,80000000,0,,,,,
869,80000000,0,,,,,
870,80000000,0,,,,,
871,80000000,0,,,,,
872,80000000,0,,,,,
873,80000000,0,,,,,
874,80000000,0,,,,,
875,80000000,0,,,,,
876,80000000,0,,,,,
877,80000000,0,,,,,
878,80000000,0,,,,,
879,40001e28,1,3325480,0,0,1000,28be3200000000000000000000100000
880,80000000,0,,,,,
881,80000000,0,,,,,
882,80000000,0,,,,,
883,80000000,0,,,,,
884,80000000,0,,,,,
885,80000000,0,,,,,
886,80000000,0,,,,,
887,80000000,0,,,,,
888,80000000,0,,,,,
889,80000000,0,,,,,
890,80000000,0,,,,,
891,80000000,0,,,,,
892,40008ce6,1,3374310,0,0,8000,e67c3300000000000000000000800000
893,80000000,0,,,,,
894,80000000,0,,,,,
895,80000000,0,,,,,
896,80000000,0,,,,,
897,80000000,0,,,,,
898,80000000,0,,,,,
899,80000000,0,,,,,
900,80000000,0,,,,,
901,80000000,0,,,,,
902,80000000,0,,,,,
903,80000000,0,,,,,
904,80000000,0,,,,,
905,40001b98,1,3423128,0,0,1000,983b3400000000000000000000100000
906,80000000,0,,,,,
907,80000000,0,,,,,
908,80000000,0,,,,,
909,80000000,0,,,,,
910,80000000,0,,,,,
911,80000000,0,,,,,
912,80000000,0,,,,,
913,80000000,0,,,,,
914,80000000,0,,,,,
915,80000000,0,,,,,
916,80000000,0,,,,,
917,80000000,0,,,,,
918,40008a56,1,3471958,0,0,8000,56fa3400000000000000000000800000
919,80000000,0,,,,,
920,80000000,0,,,,,
921,80000000,0,,,,,
922,80000000,0,,,,,
923,80000000,0,,,,,
924,80000000,0,,,,,
925,80000000,0,,,,,
926,80000000,0,,,,,
927,80000000,0,,,,,
928,80000000,0,,,,,
929,80000000,0,,,,,
930,80000000,0,,,,,
931,4000190a,1,3520778,0,0,1000,0ab93500000000000000000000100000
932,80000000,0,,,,,
933,80000000,0,,,,,
934,80000000,0,,,,,
935,80000000,0,,,,,
936,80000000,0,,,,,
937,80000000,0,,,,,
938,80000000,0,,,,,
939,80000000,0,,,,,
940,80000000,0,,,,,
941,80000000,0,,,,,
942,80000000,0,,,,,
943,80000000,0,,,,,
944,400087c8,1,3569608,0,0,8000,c8773600000000000000000000800000
945,80000000,0,,,,,
946,80000000,0,,,,,
947,80000000,0,,,,,
948,80000000,0,,,,,
949,80000000,0,,,,,
950,80000000,0,,,,,
951,80000000,0,,,,,
952,80000000,0,,,,,
953,80000000,0,,,,,
954,80000000,0,,,,,
955,80000000,0,,,,,
956,80000000,0,,,,,
957,4000167a,1,3618426,0,0,1000,7a363700000000000000000000100000
958,80000000,0,,,,,
959,80000000,0,,,,,
960,80000000,0,,,,,
961,80000000,0,,,,,
962,80000000,0,,,,,
963,80000000,0,,,,,
964,80000000,0,,,,,
965,80000000,0,,,,,
966,80000000,0,,,,,
967,80000000,0,,,,,
968,80000000,0,,,,,
969,80000000,0,,,,,
970,40008538,1,3667256,0,0,8000,38f53700000000000000000000800000
971,80000000,0,,,,,
972,80000000,0,,,,,
973,80000000,0,,,,,
974,80000000,0,,,,,
975,80000000,0,,,,,
976,80000000,0,,,,,
977,80000000,0,,,,,
978,80000000,0,,,,,
979,80000000,0,,,,,
980,80000000,0,,,,,
981,80000000,0,,,,,
982,80000000,0,,,,,
983,400013ec,1,3716076,0,0,1000,ecb33800000000000000000000100000
984,80000000,0,,,,,
985,80000000,0,,,,,
986,80000000,0,,,,,
987,80000000,0,,,,,
988,80000000,0,,,,,
989,80000000,0,,,,,
990,80000000,0,,,,,
991,80000000,0,,,,,
992,80000000,0,,,,,
993,80000000,0,,,,,
994,80000000,0,,,,,
995,80000000,0,,,,,
996,400082aa,1,3764906,0,0,8000,aa723900000000000000000000800000
997,80000000,0,,,,,
998,80000000,0,,,,,
999,80000000,0,,,,,
1000,80000000,0,,,,,
1001,80000000,0,,,,,
1002,80000000,0,,,,,
1003,80000000,0,,,,,
1004,80000000,0,,,,,
1005,80000000,0,,,,,
1006,80000000,0,,,,,
1007,80000000,0,,,,,
1008,80000000,0,,,,,
1009,4000115e,1,3813726,0,0,1000,5e313a00000000000000000000100000
1010,80000000,0,,,,,
1011,80000000,0,,,,,
1012,80000000,0,,,,,
1013,80000000,0,,,,,
1014,80000000,0,,,,,
1015,80000000,0,,,,,
1016,80000000,0,,,,,
1017,80000000,0,,,,,
1018,80000000,0,,,,,
1019,80000000,0,,,,,
1020,80000000,0,,,,,
1021,80000000,0,,,,,
1022,4000801c,1,3862556,0,0,8000,1cf03a00000000000000000000800000
1023,80000000,0,,,,,
1024,80000000,0,,,,,
1025,80000000,0,,,,,
1026,80000000,0,,,,,
1027,80000000,0,,,,,
1028,80000000,0,,,,,
1029,80000000,0,,,,,
1030,80000000,0,,,,,
1031,80000000,0,,,,,
1032,80000000,0,,,,,
1033,80000000,0,,,,,
1034,40001ece,1,3911374,0,0,1000,ceae3b00000000000000000000100000
1035,80000000,0,,,,,
1036,80000000,0,,,,,
1037,80000000,0,,,,,
1038,80000000,0,,,,,
1039,80000000,0,,,,,
1040,80000000,0,,,,,
1041,80000000,0,,,,,
1042,80000000,0,,,,,
1043,80000000,0,,,,,
1044,80000000,0,,,,,
1045,80000000,0,,,,,
1046,80000000,0,,,,,
1047,40008d8c,1,3960204,0,0,8000,8c6d3c00000000000000000000800000
1048,80000000,0,,,,,
1049,80000000,0,,,,,
1050,80000000,0,,,,,
1051,80000000,0,,,,,
1052,80000000,0,,,,,
1053,80000000,0,,,,,
1054,80000000,0,,,,,
1055,80000000,0,,,,,
1056,80000000,0,,,,,
1057,80000000,0,,,,,
1058,80000000,0,,,,,
1059,80000000,0,,,,,
1060,40001c40,1,4009024,0,0,1000,402c3d00000000000000000000100000
1061,80000000,0,,,,,
1062,80000000,0,,,,,
1063,80000000,0,,,,,
1064,80000000,0,,,,,
1065,80000000,0,,,,,
1066,80000000,0,,,,,
1067,80000000,0,,,,,
1068,80000000,0,,,,,
1069,80000000,0,,,,,
1070,80000000,0,,,,,
1071,80000000,0,,,,,
1072,80000000,0,,,,,
1073,40008afe,1,4057854,0,0,8000,feea3d00000000000000000000800000
1074,80000000,0,,,,,
1075,80000000,0,,,,,
1076,80000000,0,,,,,
1077,80000000,0,,,,,
1078,80000000,0,,,,,
1079,80000000,0,,,,,
1080,80000000,0,,,,,
1081,80000000,0,,,,,
1082,80000000,0,,,,,
1083,80000000,0,,,,,
1084,80000000,0,,,,,
1085,80000000,0,,,,,
1086,400019b0,1,4106672,0,0,1000,b0a93e00000000000000000000100000
1087,80000000,0,,,,,
1088,80000000,0,,,,,
1089,80000000,0,,,,,
1090,80000000,0,,,,,
1091,80000000,0,,,,,
1092,80000000,0,,,,,
1093,80000000,0,,,,,
1094,80000000,0,,,,,
1095,80000000,0,,,,,
1096,80000000,0,,,,,
1097,80000000,0,,,,,
1098,80000000,0,,,,,
1099,4000886e,1,4155502,0,0,8000,6e683f00000000000000000000800000
1100,80000000,0,,,,,
1101,80000000,0,,,,,
1102,80000000,0,,,,,
1103,80000000,0,,,,,
1104,80000000,0,,,,,
1105,80000000,0,,,,,
1106,80000000,0,,,,,
1107,80000000,0,,,,,
1108,80000000,0,,,,,
1109,80000000,0,,,,,
1110,80000000,0,,,,,
1111,80000000,0,,,,,
1112,40001722,1,4204322,0,0,1000,22274000000000000000000000100000
1113,80000000,0,,,,,
1114,80000000,0,,,,,
1115,80000000,0,,,,,
1116,80000000,0,,,,,
1117,80000000,0,,,,,
1118,80000000,0,,,,,
1119,80000000,0,,,,,
1120,80000000,0,,,,,
1121,80000000,0,,,,,
1122,80000000,0,,,,,
1123,80000000,0,,,,,
1124,80000000,0,,,,,
1125,400085e0,1,4253152,0,0,8000,e0e54000000000000000000000800000
1126,80000000,0,,,,,
1127,80000000,0,,,,,
1128,80000000,0,,,,,
1129,80000000,0,,,,,
1130,80000000,0,,,,,
1131,80000000,0,,,,,
1132,80000000,0,,,,,
1133,80000000,0,,,,,
1134,80000000,0,,,,,
1135,80000000,0,,,,,
1136,80000000,0,,,,,
1137,80000000,0,,,,,
1138,40001492,1,4301970,0,0,1000,92a44100000000000000000000100000
1139,80000000,0,,,,,
1140,80000000,0,,,,,
1141,80000000,0,,,,,
1142,80000000,0,,,,,
1143,80000000,0,,,,,
1144,80000000,0,,,,,
1145,80000000,0,,,,,
1146,80000000,0,,,,,
1147,80000000,0,,,,,
1148,80000000,0,,,,,
1149,80000000,0,,,,,
1150,80000000,0,,,,,
1151,40008350,1,4350800,0,0,8000,50634200000000000000000000800000
1152,80000000,0,,,,,
1153,80000000,0,,,,,
1154,80000000,0,,,,,
1155,80000000,0,,,,,
1156,80000000,0,,,,,
1157,80000000,0,,,,,
1158,80000000,0,,,,,
1159,80000000,0,,,,,
1160,80000000,0,,,,,
1161,80000000,0,,,,,
1162,80000000,0,,,,,
1163,80000000,0,,,,,
1164,40001204,1,4399620,0,0,1000,04224300000000000000000000100000
1165,80000000,0,,,,,
1166,80000000,0,,,,,
1167,80000000,0,,,,,
1168,80000000,0,,,,,
1169,80000000,0,,,,,
1170,80000000,0,,,,,
1171,80000000,0,,,,,
1172,80000000,0,,,,,
1173,80000000,0,,,,,
1174,80000000,0,,,,,
1175,80000000,0,,,,,
1176,80000000,0,,,,,
1177,400080c2,1,4448450,0,0,8000,c2e04300000000000000000000800000
1178,80000000,0,,,,,
1179,80000000,0,,,,,
1180,80000000,0,,,,,
1181,80000000,0,,,,,
1182,80000000,0,,,,,
1183,80000000,0,,,,,
1184,80000000,0,,,,,
1185,80000000,0,,,,,
1186,80000000,0,,,,,
1187,80000000,0,,,,,
1188,80000000,0,,,,,
1189,40001f74,1,4497268,0,0,1000,749f4400000000000000000000100000
1190,80000000,0,,,,,
1191,80000000,0,,,,,
1192,80000000,0,,,,,
1193,80000000,0,,,,,
1194,80000000,0,,,,,
1195,80000000,0,,,,,
1196,80000000,0,,,,,
1197,80000000,0,,,,,
1198,80000000,0,,,,,
1199,80000000,0,,,,,
1200,80000000,0,,,,,
1201,80000000,0,,,,,
1202,40008e32,1,4546098,0,0,8000,325e4500000000000000000000800000
1203,80000000,0,,,,,
1204,80000000,0,,,,,
1205,80000000,0,,,,,
1206,80000000,0,,,,,
1207,80000000,0,,,,,
1208,80000000,0,,,,,
1209,80000000,0,,,,,
1210,80000000,0,,,,,
1211,80000000,0,,,,,
1212,80000000,0,,,,,
1213,80000000,0,,,,,
1214,80000000,0,,,,,
1215,40001ce6,1,4594918,0,0,1000,e61c4600000000000000000000100000
1216,80000000,0,,,,,
1217,80000000,0,,,,,
1218,80000000,0,,,,,
1219,80000000,0,,,,,
1220,80000000,0,,,,,
1221,80000000,0,,,,,
1222,80000000,0,,,,,
1223,80000000,0,,,,,
1224,80000000,0,,,,,
1225,80000000,0,,,,,
1226,80000000,0,,,,,
1227,80000000,0,,,,,
1228,40008ba4,1,4643748,0,0,8000,a4db4600000000000000000000800000
1229,80000000,0,,,,,
1230,80000000,0,,,,,
1231,80000000,0,,,,,
1232,80000000,0,,,,,
1233,80000000,0,,,,,
1234,80000000,0,,,,,
1235,80000000,0,,,,,
1236,80000000,0,,,,,
1237,80000000,0,,,,,
1238,80000000,0,,,,,
1239,80000000,0,,,,,
1240,80000000,0,,,,,
1241,40001a56,1,4692566,0,0,1000,569a4700000000000000000000100000
1242,80000000,0,,,,,
1243,80000000,0,,,,,
1244,80000000,0,,,,,
1245,80000000,0,,,,,
1246,80000000,0,,,,,
1247,80000000,0,,,,,
1248,80000000,0,,,,,
1249,80000000,0,,,,,
1250,80000000,0,,,,,
1251,80000000,0,,,,,
1252,80000000,0,,,,,
1253,80000000,0,,,,,
1254,40008914,1,4741396,0,0,8000,14594800000000000000000000800000
1255,80000000,0,,,,,
1256,80000000,0,,,,,
1257,80000000,0,,,,,
1258,80000000,0,,,,,
1259,80000000,0,,,,,
1260,80000000,0,,,,,
1261,80000000,0,,,,,
1262,80000000,0,,,,,
1263,80000000,0,,,,,
1264,80000000,0,,,,,
1265,80000000,0,,,,,
1266,80000000,0,,,,,
1267,400017c8,1,4790216,0,0,1000,c8174900000000000000000000100000
1268,80000000,0,,,,,
1269,80000000,0,,,,,
1270,80000000,0,,,,,
1271,80000000,0,,,,,
1272,80000000,0,,,,,
1273,80000000,0,,,,,
1274,80000000,0,,,,,
1275,80000000,0,,,,,
1276,80000000,0,,,,,
1277,80000000,0,,,,,
1278,80000000,0,,,,,
1279,80000000,0,,,,,
1280,40008686,1,4839046,0,0,8000,86d64900000000000000000000800000
1281,80000000,0,,,,,
1282,80000000,0,,,,,
1283,80000000,0,,,,,
1284,80000000,0,,,,,
1285,80000000,0,,,,,
1286,80000000,0,,,,,
1287,80000000,0,,,,,
1288,80000000,0,,,,,
1289,80000000,0,,,,,
1290,80000000,0,,,,,
1291,80000000,0,,,,,
1292,80000000,0,,,,,
1293,40001538,1,4887864,0,0,1000,38954a00000000000000000000100000
1294,80000000,0,,,,,
1295,80000000,0,,,,,
1296,80000000,0,,,,,
1297,80000000,0,,,,,
1298,80000000,0,,,,,
1299,80000000,0,,,,,
1300,80000000,0,,,,,
1301,80000000,0,,,,,
1302,80000000,0,,,,,
1303,80000000,0,,,,,
1304,80000000,0,,,,,
1305,80000000,0,,,,,
1306,400083f8,1,4936696,0,0,8000,f8534b00000000000000000000800000
1307,80000000,0,,,,,
1308,80000000,0,,,,,
1309,80000000,0,,,,,
1310,80000000,0,,,,,
1311,80000000,0,,,,,
1312,80000000,0,,,,,
1313,80000000,0,,,,,
1314,80000000,0,,,,,
1315,80000000,0,,,,,
1316,80000000,0,,,,,
1317,80000000,0,,,,,
1318,80000000,0,,,,,
1319,400012aa,1,4985514,0,0,1000,aa124c00000000000000000000100000
1320,80000000,0,,,,,
1321,80000000,0,,,,,
1322,80000000,0,,,,,
1323,80000000,0,,,,,
1324,80000000,0,,,,,
1325,80000000,0,,,,,
1326,80000000,0,,,,,
1327,80000000,0,,,,,
1328,80000000,0,,,,,
1329,80000000,0,,,,,
1330,80000000,0,,,,,
1331,80000000,0,,,,,
1332,40008168,1,5034344,0,0,8000,68d14c00000000000000000000800000
1333,80000000,0,,,,,
1334,80000000,0,,,,,
1335,80000000,0,,,,,
1336,80000000,0,,,,,
1337,80000000,0,,,,,
1338,80000000,0,,,,,
1339,80000000,0,,,,,
1340,80000000,0,,,,,
1341,80000000,0,,,,,
1342,80000000,0,,,,,
1343,80000000,0,,,,,
1344,80000000,0,,,,,
1345,4000101c,1,5083164,0,0,1000,1c904d00000000000000000000100000
1346,80000000,0,,,,,
1347,80000000,0,,,,,
1348,80000000,0,,,,,
1349,80000000,0,,,,,
1350,80000000,0,,,,,
1351,80000000,0,,,,,
1352,80000000,0,,,,,
1353,80000000,0,,,,,
1354,80000000,0,,,,,
1355,80000000,0,,,,,
1356,80000000,0,,,,,
1357,40008eda,1,5131994,0,0,8000,da4e4e00000000000000000000800000
1358,80000000,0,,,,,
1359,80000000,0,,,,,
1360,80000000,0,,,,,
1361,80000000,0,,,,,
1362,80000000,0,,,,,
1363,80000000,0,,,,,
1364,80000000,0,,,,,
1365,80000000,0,,,,,
1366,80000000,0,,,,,
1367,80000000,0,,,,,
1368,80000000,0,,,,,
1369,80000000,0,,,,,
1370,40001d8c,1,5180812,0,0,1000,8c0d4f00000000000000000000100000
1371,80000000,0,,,,,
1372,80000000,0,,,,,
1373,80000000,0,,,,,
1374,80000000,0,,,,,
1375,80000000,0,,,,,
1376,80000000,0,,,,,
1377,80000000,0,,,,,
1378,80000000,0,,,,,
1379,80000000,0,,,,,
1380,80000000,0,,,,,
1381,80000000,0,,,,,
1382,80000000,0,,,,,
1383,40008c4a,1,5229642,0,0,8000,4acc4f00000000000000000000800000
1384,80000000,0,,,,,
1385,80000000,0,,,,,
1386,80000000,0,,,,,
1387,80000000,0,,,,,
1388,80000000,0,,,,,
1389,80000000,0,,,,,
1390,80000000,0,,,,,
1391,80000000,0,,,,,
1392,80000000,0,,,,,
1393,80000000,0,,,,,
1394,80000000,0,,,,,
1395,80000000,0,,,,,
1396,40001afe,1,5278462,0,0,1000,fe8a5000000000000000000000100000
1397,80000000,0,,,,,
1398,80000000,0,,,,,
1399,80000000,0,,,,,
1400,80000000,0,,,,,
1401,80000000,0,,,,,
1402,80000000,0,,,,,
1403,80000000,0,,,,,
1404,80000000,0,,,,,
1405,80000000,0,,,,,
1406,80000000,0,,,,,
1407,80000000,0,,,,,
1408,80000000,0,,,,,
1409,400089bc,1,5327292,0,0,8000,bc495100000000000000000000800000
1410,80000000,0,,,,,
1411,80000000,0,,,,,
1412,80000000,0,,,,,
1413,80000000,0,,,,,
1414,80000000,0,,,,,
1415,80000000,0,,,,,
1416,80000000,0,,,,,
1417,80000000,0,,,,,
1418,80000000,0,,,,,
1419,80000000,0,,,,,
1420,80000000,0,,,,,
1421,80000000,0,,,,,
1422,4000186e,1,5376110,0,0,1000,6e085200000000000000000000100000
1423,80000000,0,,,,,
1424,80000000,0,,,,,
1425,80000000,0,,,,,
1426,80000000,0,,,,,
1427,80000000,0,,,,,
1428,80000000,0,,,,,
1429,80000000,0,,,,,
1430,80000000,0,,,,,
1431,80000000,0,,,,,
1432,80000000,0,,,,,
1433,80000000,0,,,,,
1434,80000000,0,,,,,
1435,4000872c,1,5424940,0,0,8000,2cc75200000000000000000000800000
1436,80000000,0,,,,,
1437,80000000,0,,,,,
1438,80000000,0,,,,,
1439,80000000,0,,,,,
1440,80000000,0,,,,,
1441,80000000,0,,,,,
1442,80000000,0,,,,,
1443,80000000,0,,,,,
1444,80000000,0,,,,,
1445,80000000,0,,,,,
1446,80000000,0,,,,,
1447,80000000,0,,,,,
1448,400015e0,1,5473760,0,0,1000,e0855300000000000000000000100000
1449,80000000,0,,,,,
1450,80000000,0,,,,,
1451,80000000,0,,,,,
1452,80000000,0,,,,,
1453,80000000,0,,,,,
1454,80000000,0,,,,,
1455,80000000,0,,,,,
1456,80000000,0,,,,,
1457,80000000,0,,,,,
1458,80000000,0,,,,,
1459,80000000,0,,,,,
1460,80000000,0,,,,,
1461,4000849e,1,5522590,0,0,8000,9e445400000000000000000000800000
1462,80000000,0,,,,,
1463,80000000,0,,,,,
1464,80000000,0,,,,,
1465,80000000,0,,,,,
1466,80000000,0,,,,,
1467,80000000,0,,,,,
1468,80000000,0,,,,,
1469,80000000,0,,,,,
1470,80000000,0,,,,,
1471,80000000,0,,,,,
1472,80000000,0,,,,,
1473,80000000,0,,,,,
1474,40001350,1,5571408,0,0,1000,50035500000000000000000000100000
1475,80000000,0,,,,,
1476,80000000,0,,,,,
1477,80000000,0,,,,,
1478,80000000,0,,,,,
1479,80000000,0,,,,,
1480,80000000,0,,,,,
1481,80000000,0,,,,,
1482,80000000,0,,,,,
1483,80000000,0,,,,,
1484,80000000,0,,,,,
1485,80000000,0,,,,,
1486,80000000,0,,,,,
1487,4000820e,1,5620238,0,0,8000,0ec25500000000000000000000800000
1488,80000000,0,,,,,
1489,80000000,0,,,,,
1490,80000000,0,,,,,
1491,80000000,0,,,,,
1492,80000000,0,,,,,
1493,80000000,0,,,,,
1494,80000000,0,,,,,
1495,80000000,0,,,,,
1496,80000000,0,,,,,
1497,80000000,0,,,,,
1498,80000000,0,,,,,
1499,80000000,0,,,,,
1500,400010c2,1,5669058,0,0,1000,c2805600000000000000000000100000
